id,bert_prediction,llama_prediction
0,<TODO_BERT_PREDICTION>,<TODO_LLAMA_PREDICTION>
1,<TODO_BERT_PREDICTION>,<TODO_LLAMA_PREDICTION>
2,<TODO_BERT_PREDICTION>,<TODO_LLAMA_PREDICTION>
3,<TODO_BERT_PREDICTION>,<TODO_LLAMA_PREDICTION>
4,<TODO_BERT_PREDICTION>,<TODO_LLAMA_PREDICTION>
5,<TODO_BERT_PREDICTION>,<TODO_LLAMA_PREDICTION>
6,<TODO_BERT_PREDICTION>,<TODO_LLAMA_PREDICTION>
7,<TODO_BERT_PREDICTION>,<TODO_LLAMA_PREDICTION>
8,<TODO_BERT_PREDICTION>,<TODO_LLAMA_PREDICTION>
9,<TODO_BERT_PREDICTION>,<TODO_LLAMA_PREDICTION>
10,<TODO_BERT_PREDICTION>,<TODO_LLAMA_PREDICTION>
11,<TODO_BERT_PREDICTION>,<TODO_LLAMA_PREDICTION>
12,<TODO_BERT_PREDICTION>,<TODO_LLAMA_PREDICTION>
13,<TODO_BERT_PREDICTION>,<TODO_LLAMA_PREDICTION>
14,<TODO_BERT_PREDICTION>,<TODO_LLAMA_PREDICTION>
15,<TODO_BERT_PREDICTION>,<TODO_LLAMA_PREDICTION>
16,<TODO_BERT_PREDICTION>,<TODO_LLAMA_PREDICTION>
17,<TODO_BERT_PREDICTION>,<TODO_LLAMA_PREDICTION>
18,<TODO_BERT_PREDICTION>,<TODO_LLAMA_PREDICTION>
19,<TODO_BERT_PREDICTION>,<TODO_LLAMA_PREDICTION>
20,<TODO_BERT_PREDICTION>,<TODO_LLAMA_PREDICTION>
21,<TODO_BERT_PREDICTION>,<TODO_LLAMA_PREDICTION>
22,<TODO_BERT_PREDICTION>,<TODO_LLAMA_PREDICTION>
23,<TODO_BERT_PREDICTION>,<TODO_LLAMA_PREDICTION>
24,<TODO_BERT_PREDICTION>,<TODO_LLAMA_PREDICTION>
25,<TODO_BERT_PREDICTION>,<TODO_LLAMA_PREDICTION>
26,<TODO_BERT_PREDICTION>,<TODO_LLAMA_PREDICTION>
27,<TODO_BERT_PREDICTION>,<TODO_LLAMA_PREDICTION>
28,<TODO_BERT_PREDICTION>,<TODO_LLAMA_PREDICTION>
29,<TODO_BERT_PREDICTION>,<TODO_LLAMA_PREDICTION>
30,<TODO_BERT_PREDICTION>,<TODO_LLAMA_PREDICTION>
31,<TODO_BERT_PREDICTION>,<TODO_LLAMA_PREDICTION>
32,<TODO_BERT_PREDICTION>,<TODO_LLAMA_PREDICTION>
33,<TODO_BERT_PREDICTION>,<TODO_LLAMA_PREDICTION>
34,<TODO_BERT_PREDICTION>,<TODO_LLAMA_PREDICTION>
35,<TODO_BERT_PREDICTION>,<TODO_LLAMA_PREDICTION>
36,<TODO_BERT_PREDICTION>,<TODO_LLAMA_PREDICTION>
37,<TODO_BERT_PREDICTION>,<TODO_LLAMA_PREDICTION>
38,<TODO_BERT_PREDICTION>,<TODO_LLAMA_PREDICTION>
39,<TODO_BERT_PREDICTION>,<TODO_LLAMA_PREDICTION>
40,<TODO_BERT_PREDICTION>,<TODO_LLAMA_PREDICTION>
41,<TODO_BERT_PREDICTION>,<TODO_LLAMA_PREDICTION>
42,<TODO_BERT_PREDICTION>,<TODO_LLAMA_PREDICTION>
43,<TODO_BERT_PREDICTION>,<TODO_LLAMA_PREDICTION>
44,<TODO_BERT_PREDICTION>,<TODO_LLAMA_PREDICTION>
45,<TODO_BERT_PREDICTION>,<TODO_LLAMA_PREDICTION>
46,<TODO_BERT_PREDICTION>,<TODO_LLAMA_PREDICTION>
47,<TODO_BERT_PREDICTION>,<TODO_LLAMA_PREDICTION>
48,<TODO_BERT_PREDICTION>,<TODO_LLAMA_PREDICTION>
49,<TODO_BERT_PREDICTION>,<TODO_LLAMA_PREDICTION>
50,<TODO_BERT_PREDICTION>,<TODO_LLAMA_PREDICTION>
51,<TODO_BERT_PREDICTION>,<TODO_LLAMA_PREDICTION>
52,<TODO_BERT_PREDICTION>,<TODO_LLAMA_PREDICTION>
53,<TODO_BERT_PREDICTION>,<TODO_LLAMA_PREDICTION>
54,<TODO_BERT_PREDICTION>,<TODO_LLAMA_PREDICTION>
55,<TODO_BERT_PREDICTION>,<TODO_LLAMA_PREDICTION>
56,<TODO_BERT_PREDICTION>,<TODO_LLAMA_PREDICTION>
57,<TODO_BERT_PREDICTION>,<TODO_LLAMA_PREDICTION>
58,<TODO_BERT_PREDICTION>,<TODO_LLAMA_PREDICTION>
59,<TODO_BERT_PREDICTION>,<TODO_LLAMA_PREDICTION>
60,<TODO_BERT_PREDICTION>,<TODO_LLAMA_PREDICTION>
61,<TODO_BERT_PREDICTION>,<TODO_LLAMA_PREDICTION>
62,<TODO_BERT_PREDICTION>,<TODO_LLAMA_PREDICTION>
63,<TODO_BERT_PREDICTION>,<TODO_LLAMA_PREDICTION>
